{"cameraMode":{"drawMode":0,"name":"Shaded","section":"Shading Mode"},"sceneLighting":false,"audioPlay":false,"sceneViewState":{"showFog":true,"showMaterialUpdate":true,"showSkybox":false,"showFlares":true,"showImageEffects":true,"showParticleSystems":true},"in2DMode":false,"pivot":{"x":-3.568572998046875,"y":-1.0077629089355469,"z":1.358604907989502},"rotation":{"x":0.45170947909355166,"y":-0.05987965315580368,"z":0.030405092984437944,"w":0.8896716833114624},"size":8.107197761535645,"orthographic":false}