{"cameraMode":{"drawMode":0,"name":"Shaded","section":"Shading Mode"},"sceneLighting":false,"audioPlay":false,"sceneViewState":{"showFog":true,"showMaterialUpdate":true,"showSkybox":false,"showFlares":true,"showImageEffects":true,"showParticleSystems":true},"in2DMode":false,"pivot":{"x":-0.11543166637420654,"y":0.22501468658447267,"z":-0.10834628343582154},"rotation":{"x":0.1720094084739685,"y":-0.21789218485355378,"z":0.03905283287167549,"w":0.9599325656890869},"size":5.4421234130859379,"orthographic":false}