{"cameraMode":{"drawMode":0,"name":"Shaded","section":"Shading Mode"},"sceneLighting":true,"audioPlay":false,"sceneViewState":{"showFog":true,"showMaterialUpdate":true,"showSkybox":true,"showFlares":true,"showImageEffects":true,"showParticleSystems":true},"in2DMode":false,"pivot":{"x":-853.2655029296875,"y":13.84699821472168,"z":-126.5916976928711},"rotation":{"x":-0.10326159745454788,"y":0.3402540385723114,"z":0.03764958307147026,"w":0.9342111349105835},"size":34.23954772949219,"orthographic":false}