{"cameraMode":{"drawMode":0,"name":"Shaded","section":"Shading Mode"},"sceneLighting":true,"audioPlay":false,"sceneViewState":{"showFog":true,"showMaterialUpdate":true,"showSkybox":true,"showFlares":true,"showImageEffects":true,"showParticleSystems":true},"in2DMode":false,"pivot":{"x":-34.708282470703128,"y":12.587827682495118,"z":2.674408197402954},"rotation":{"x":0.05580965802073479,"y":0.5997404456138611,"z":-0.04202689975500107,"w":0.7975181937217712},"size":33.14214324951172,"orthographic":false}