{"cameraMode":{"drawMode":0,"name":"Shaded","section":"Shading Mode"},"sceneLighting":true,"audioPlay":false,"sceneViewState":{"showFog":true,"showMaterialUpdate":true,"showSkybox":true,"showFlares":true,"showImageEffects":true,"showParticleSystems":true},"in2DMode":false,"pivot":{"x":-45.725677490234378,"y":10.19922161102295,"z":27.436574935913087},"rotation":{"x":0.1273607313632965,"y":0.23228101432323457,"z":-0.030911915004253389,"w":0.9640659093856812},"size":102.724365234375,"orthographic":true}