{"cameraMode":{"drawMode":0,"name":"Shaded","section":"Shading Mode"},"sceneLighting":true,"audioPlay":false,"sceneViewState":{"showFog":true,"showMaterialUpdate":true,"showSkybox":true,"showFlares":true,"showImageEffects":true,"showParticleSystems":true},"in2DMode":false,"pivot":{"x":14.949298858642579,"y":8.607393264770508,"z":34.0078125},"rotation":{"x":0.05155510827898979,"y":-0.5170556306838989,"z":0.03122454695403576,"w":0.8538349866867065},"size":69.48048400878906,"orthographic":false}