{"cameraMode":{"drawMode":0,"name":"Shaded","section":"Shading Mode"},"sceneLighting":true,"audioPlay":false,"sceneViewState":{"showFog":true,"showMaterialUpdate":true,"showSkybox":true,"showFlares":true,"showImageEffects":true,"showParticleSystems":true},"in2DMode":false,"pivot":{"x":38.44382858276367,"y":-16.394994735717775,"z":69.45938110351563},"rotation":{"x":0.09843232482671738,"y":0.23166708648204804,"z":-0.023746883496642114,"w":0.9678170084953308},"size":44.156715393066409,"orthographic":true}