{"cameraMode":{"drawMode":0,"name":"Shaded","section":"Shading Mode"},"sceneLighting":false,"audioPlay":false,"sceneViewState":{"showFog":true,"showMaterialUpdate":true,"showSkybox":false,"showFlares":true,"showImageEffects":true,"showParticleSystems":true},"in2DMode":false,"pivot":{"x":-1.0399999618530274,"y":0.8299999237060547,"z":2.299999952316284},"rotation":{"x":0.3886297643184662,"y":0.4647440016269684,"z":-0.23790626227855683,"w":0.7592287659645081},"size":2.8578836917877199,"orthographic":false}